id,map_file,agent_file,num_agents,device,high level planner,low level planner,disappear_at_goal,cat,rand_seed,cost,run_time,comment,method_source,date_edit,numHighNodes,numLowNodes
-1,random-32-32-20.map,assets/random-32-32-20-random-1.scen,1,12490F,Lacam,PIBT,-1,-1,-1,36,0,NULL,https://github.com/ssfc/lacam0,2025/8/5 19:36,,
-1,random-32-32-20.map,assets/random-32-32-20-random-1.scen,2,12490F,Lacam,PIBT,-1,-1,-1,50,0.001,NULL,https://github.com/ssfc/lacam0,2025/8/5 19:36,,
-1,random-32-32-20-random-1.scen,random-32-32-20-random-1.scen,1,12490F,PP,PP,0,NULL,-1,36,30.0001,0,https://github.com/ssfc/MAPF-LNS-02/tree/to_csv,2025-10-26 16:57:39,2,5
-1,random-32-32-20-random-1.scen,random-32-32-20-random-1.scen,2,12490F,PP,PP,0,NULL,-1,52,30.0001,0,https://github.com/ssfc/MAPF-LNS-02/tree/to_csv,2025-10-26 16:58:09,2,5
-1,random-32-32-20-random-1.scen,random-32-32-20-random-1.scen,3,12490F,PP,PP,0,NULL,-1,81,30.0002,0,https://github.com/ssfc/MAPF-LNS-02/tree/to_csv,2025-10-26 16:58:39,0,5
-1,random-32-32-20-random-1.scen,random-32-32-20-random-1.scen,4,12490F,PP,PP,0,NULL,-1,101,30.0002,0,https://github.com/ssfc/MAPF-LNS-02/tree/to_csv,2025-10-26 16:59:09,2,5
-1,random-32-32-20-random-1.scen,random-32-32-20-random-1.scen,5,12490F,PP,PP,0,NULL,-1,132,30.0002,0,https://github.com/ssfc/MAPF-LNS-02/tree/to_csv,2025-10-26 16:59:39,2,5
-1,random-32-32-20-random-1.scen,random-32-32-20-random-1.scen,6,12490F,PP,PP,0,NULL,-1,156,30.0001,0,https://github.com/ssfc/MAPF-LNS-02/tree/to_csv,2025-10-26 17:00:09,0,5
-1,random-32-32-20-random-1.scen,random-32-32-20-random-1.scen,7,12490F,PP,PP,0,NULL,-1,171,30,0,https://github.com/ssfc/MAPF-LNS-02/tree/to_csv,2025-10-26 17:00:39,0,5
-1,random-32-32-20-random-1.scen,random-32-32-20-random-1.scen,8,12490F,PP,PP,0,NULL,-1,181,30.0001,0,https://github.com/ssfc/MAPF-LNS-02/tree/to_csv,2025-10-26 17:01:09,2,5
-1,random-32-32-20-random-1.scen,random-32-32-20-random-1.scen,9,12490F,PP,PP,0,NULL,-1,185,30.0002,0,https://github.com/ssfc/MAPF-LNS-02/tree/to_csv,2025-10-26 17:01:39,2,5
-1,random-32-32-20-random-1.scen,random-32-32-20-random-1.scen,10,12490F,PP,PP,0,NULL,-1,200,30.0002,0,https://github.com/ssfc/MAPF-LNS-02/tree/to_csv,2025-10-26 17:02:09,2,5
-1,random-32-32-20-random-1.scen,random-32-32-20-random-1.scen,11,12490F,PP,PP,0,NULL,-1,222,30.0001,0,https://github.com/ssfc/MAPF-LNS-02/tree/to_csv,2025-10-26 17:02:39,1,5
-1,random-32-32-20-random-1.scen,random-32-32-20-random-1.scen,12,12490F,PP,PP,0,NULL,-1,245,30.0002,0,https://github.com/ssfc/MAPF-LNS-02/tree/to_csv,2025-10-26 17:03:09,1,5
-1,random-32-32-20-random-1.scen,random-32-32-20-random-1.scen,13,12490F,PP,PP,0,NULL,-1,257,30,0,https://github.com/ssfc/MAPF-LNS-02/tree/to_csv,2025-10-26 17:03:39,2,5
-1,random-32-32-20-random-1.scen,random-32-32-20-random-1.scen,14,12490F,PP,PP,0,NULL,-1,305,30,0,https://github.com/ssfc/MAPF-LNS-02/tree/to_csv,2025-10-26 17:04:09,2,5
-1,random-32-32-20-random-1.scen,random-32-32-20-random-1.scen,15,12490F,PP,PP,0,NULL,-1,328,30,0,https://github.com/ssfc/MAPF-LNS-02/tree/to_csv,2025-10-26 17:04:39,0,5
-1,random-32-32-20-random-1.scen,random-32-32-20-random-1.scen,16,12490F,PP,PP,0,NULL,-1,366,30,0,https://github.com/ssfc/MAPF-LNS-02/tree/to_csv,2025-10-26 17:05:09,0,5
-1,random-32-32-20-random-1.scen,random-32-32-20-random-1.scen,17,12490F,PP,PP,0,NULL,-1,384,30,0,https://github.com/ssfc/MAPF-LNS-02/tree/to_csv,2025-10-26 17:05:39,1,5
-1,random-32-32-20-random-1.scen,random-32-32-20-random-1.scen,18,12490F,PP,PP,0,NULL,-1,393,30.0001,0,https://github.com/ssfc/MAPF-LNS-02/tree/to_csv,2025-10-26 17:06:09,1,5
-1,random-32-32-20-random-1.scen,random-32-32-20-random-1.scen,19,12490F,PP,PP,0,NULL,-1,405,30.0002,0,https://github.com/ssfc/MAPF-LNS-02/tree/to_csv,2025-10-26 17:06:39,1,5
-1,random-32-32-20-random-1.scen,random-32-32-20-random-1.scen,20,12490F,PP,PP,0,NULL,-1,413,30,0,https://github.com/ssfc/MAPF-LNS-02/tree/to_csv,2025-10-26 17:07:09,0,5
-1,random-32-32-20-random-1.scen,random-32-32-20-random-1.scen,21,12490F,PP,PP,0,NULL,-1,444,30.0001,0,https://github.com/ssfc/MAPF-LNS-02/tree/to_csv,2025-10-26 17:07:39,0,5
-1,random-32-32-20-random-1.scen,random-32-32-20-random-1.scen,22,12490F,PP,PP,0,NULL,-1,453,30.0001,0,https://github.com/ssfc/MAPF-LNS-02/tree/to_csv,2025-10-26 17:08:09,1,5
-1,random-32-32-20-random-1.scen,random-32-32-20-random-1.scen,23,12490F,PP,PP,0,NULL,-1,467,30,0,https://github.com/ssfc/MAPF-LNS-02/tree/to_csv,2025-10-26 17:08:39,2,5
-1,random-32-32-20-random-1.scen,random-32-32-20-random-1.scen,24,12490F,PP,PP,0,NULL,-1,514,30,0,https://github.com/ssfc/MAPF-LNS-02/tree/to_csv,2025-10-26 17:09:09,0,5
-1,random-32-32-20-random-1.scen,random-32-32-20-random-1.scen,25,12490F,PP,PP,0,NULL,-1,528,30.0001,0,https://github.com/ssfc/MAPF-LNS-02/tree/to_csv,2025-10-26 17:09:39,0,5
-1,random-32-32-20-random-1.scen,random-32-32-20-random-1.scen,26,12490F,PP,PP,0,NULL,-1,563,30,0,https://github.com/ssfc/MAPF-LNS-02/tree/to_csv,2025-10-26 17:10:09,1,5
-1,random-32-32-20-random-1.scen,random-32-32-20-random-1.scen,27,12490F,PP,PP,0,NULL,-1,596,30,0,https://github.com/ssfc/MAPF-LNS-02/tree/to_csv,2025-10-26 17:10:39,1,5
-1,random-32-32-20-random-1.scen,random-32-32-20-random-1.scen,28,12490F,PP,PP,0,NULL,-1,602,30,0,https://github.com/ssfc/MAPF-LNS-02/tree/to_csv,2025-10-26 17:11:09,2,5
-1,random-32-32-20-random-1.scen,random-32-32-20-random-1.scen,29,12490F,PP,PP,0,NULL,-1,608,30,0,https://github.com/ssfc/MAPF-LNS-02/tree/to_csv,2025-10-26 17:11:39,1,5
-1,random-32-32-20-random-1.scen,random-32-32-20-random-1.scen,30,12490F,PP,PP,0,NULL,-1,637,30,0,https://github.com/ssfc/MAPF-LNS-02/tree/to_csv,2025-10-26 17:12:09,2,5
-1,random-32-32-20-random-1.scen,random-32-32-20-random-1.scen,31,12490F,PP,PP,0,NULL,-1,659,30,0,https://github.com/ssfc/MAPF-LNS-02/tree/to_csv,2025-10-26 17:12:39,1,5
-1,random-32-32-20-random-1.scen,random-32-32-20-random-1.scen,32,12490F,PP,PP,0,NULL,-1,679,30.0001,0,https://github.com/ssfc/MAPF-LNS-02/tree/to_csv,2025-10-26 17:13:09,2,5
-1,random-32-32-20-random-1.scen,random-32-32-20-random-1.scen,33,12490F,PP,PP,0,NULL,-1,687,30,0,https://github.com/ssfc/MAPF-LNS-02/tree/to_csv,2025-10-26 17:13:39,0,5
-1,random-32-32-20-random-1.scen,random-32-32-20-random-1.scen,34,12490F,PP,PP,0,NULL,-1,713,30.0001,0,https://github.com/ssfc/MAPF-LNS-02/tree/to_csv,2025-10-26 17:14:09,2,5
-1,random-32-32-20-random-1.scen,random-32-32-20-random-1.scen,35,12490F,PP,PP,0,NULL,-1,739,30,0,https://github.com/ssfc/MAPF-LNS-02/tree/to_csv,2025-10-26 17:14:40,0,5
-1,random-32-32-20-random-1.scen,random-32-32-20-random-1.scen,36,12490F,PP,PP,0,NULL,-1,779,30,0,https://github.com/ssfc/MAPF-LNS-02/tree/to_csv,2025-10-26 17:15:10,2,5
-1,random-32-32-20-random-1.scen,random-32-32-20-random-1.scen,37,12490F,PP,PP,0,NULL,-1,785,30,0,https://github.com/ssfc/MAPF-LNS-02/tree/to_csv,2025-10-26 17:15:40,2,5
-1,random-32-32-20-random-1.scen,random-32-32-20-random-1.scen,38,12490F,PP,PP,0,NULL,-1,794,30.0001,0,https://github.com/ssfc/MAPF-LNS-02/tree/to_csv,2025-10-26 17:16:10,2,5
-1,random-32-32-20-random-1.scen,random-32-32-20-random-1.scen,39,12490F,PP,PP,0,NULL,-1,809,30.0002,0,https://github.com/ssfc/MAPF-LNS-02/tree/to_csv,2025-10-26 17:16:40,0,5
-1,random-32-32-20-random-1.scen,random-32-32-20-random-1.scen,40,12490F,PP,PP,0,NULL,-1,837,30,0,https://github.com/ssfc/MAPF-LNS-02/tree/to_csv,2025-10-26 17:17:10,2,5
-1,random-32-32-20-random-1.scen,random-32-32-20-random-1.scen,41,12490F,PP,PP,0,NULL,-1,855,30,0,https://github.com/ssfc/MAPF-LNS-02/tree/to_csv,2025-10-26 17:17:40,2,5
-1,random-32-32-20-random-1.scen,random-32-32-20-random-1.scen,42,12490F,PP,PP,0,NULL,-1,865,30,0,https://github.com/ssfc/MAPF-LNS-02/tree/to_csv,2025-10-26 17:18:10,1,5
-1,random-32-32-20-random-1.scen,random-32-32-20-random-1.scen,43,12490F,PP,PP,0,NULL,-1,941,30.0043,0,https://github.com/ssfc/MAPF-LNS-02/tree/to_csv,2025-10-26 17:18:40,2,5
-1,random-32-32-20-random-1.scen,random-32-32-20-random-1.scen,44,12490F,PP,PP,0,NULL,-1,980,30.0041,0,https://github.com/ssfc/MAPF-LNS-02/tree/to_csv,2025-10-26 17:19:10,2,5
-1,random-32-32-20-random-1.scen,random-32-32-20-random-1.scen,45,12490F,PP,PP,0,NULL,-1,1016,30.0098,0,https://github.com/ssfc/MAPF-LNS-02/tree/to_csv,2025-10-26 17:19:40,1,5
-1,random-32-32-20-random-1.scen,random-32-32-20-random-1.scen,46,12490F,PP,PP,0,NULL,-1,1054,30,0,https://github.com/ssfc/MAPF-LNS-02/tree/to_csv,2025-10-26 17:20:10,2,5
-1,random-32-32-20-random-1.scen,random-32-32-20-random-1.scen,47,12490F,PP,PP,0,NULL,-1,1082,30,0,https://github.com/ssfc/MAPF-LNS-02/tree/to_csv,2025-10-26 17:20:40,2,5
-1,random-32-32-20-random-1.scen,random-32-32-20-random-1.scen,48,12490F,PP,PP,0,NULL,-1,1106,30.007,0,https://github.com/ssfc/MAPF-LNS-02/tree/to_csv,2025-10-26 17:21:10,0,5
-1,random-32-32-20-random-1.scen,random-32-32-20-random-1.scen,49,12490F,PP,PP,0,NULL,-1,1120,30,0,https://github.com/ssfc/MAPF-LNS-02/tree/to_csv,2025-10-26 17:21:40,0,5
-1,random-32-32-20-random-1.scen,random-32-32-20-random-1.scen,50,12490F,PP,PP,0,NULL,-1,1150,30.0067,0,https://github.com/ssfc/MAPF-LNS-02/tree/to_csv,2025-10-26 17:22:10,2,5
-1,random-32-32-20-random-1.scen,random-32-32-20-random-1.scen,51,12490F,PP,PP,0,NULL,-1,1183,30,0,https://github.com/ssfc/MAPF-LNS-02/tree/to_csv,2025-10-26 17:22:40,1,5
-1,random-32-32-20-random-1.scen,random-32-32-20-random-1.scen,52,12490F,PP,PP,0,NULL,-1,1202,30.0025,0,https://github.com/ssfc/MAPF-LNS-02/tree/to_csv,2025-10-26 17:23:10,2,5
-1,random-32-32-20-random-1.scen,random-32-32-20-random-1.scen,53,12490F,PP,PP,0,NULL,-1,1218,30.0006,0,https://github.com/ssfc/MAPF-LNS-02/tree/to_csv,2025-10-26 17:23:40,1,5
-1,random-32-32-20-random-1.scen,random-32-32-20-random-1.scen,54,12490F,PP,PP,0,NULL,-1,1246,30,0,https://github.com/ssfc/MAPF-LNS-02/tree/to_csv,2025-10-26 17:24:10,1,5
-1,random-32-32-20-random-1.scen,random-32-32-20-random-1.scen,55,12490F,PP,PP,0,NULL,-1,1262,30.0058,0,https://github.com/ssfc/MAPF-LNS-02/tree/to_csv,2025-10-26 17:24:40,1,5
-1,random-32-32-20-random-1.scen,random-32-32-20-random-1.scen,56,12490F,PP,PP,0,NULL,-1,1304,30.0046,0,https://github.com/ssfc/MAPF-LNS-02/tree/to_csv,2025-10-26 17:25:10,1,5
-1,random-32-32-20-random-1.scen,random-32-32-20-random-1.scen,57,12490F,PP,PP,0,NULL,-1,1349,30.0001,0,https://github.com/ssfc/MAPF-LNS-02/tree/to_csv,2025-10-26 17:25:40,1,5
-1,random-32-32-20-random-1.scen,random-32-32-20-random-1.scen,58,12490F,PP,PP,0,NULL,-1,1388,30.0003,0,https://github.com/ssfc/MAPF-LNS-02/tree/to_csv,2025-10-26 17:26:10,0,5
-1,random-32-32-20-random-1.scen,random-32-32-20-random-1.scen,59,12490F,PP,PP,0,NULL,-1,1416,30.0001,0,https://github.com/ssfc/MAPF-LNS-02/tree/to_csv,2025-10-26 17:26:40,0,5
-1,random-32-32-20-random-1.scen,random-32-32-20-random-1.scen,60,12490F,PP,PP,0,NULL,-1,1451,30.0031,0,https://github.com/ssfc/MAPF-LNS-02/tree/to_csv,2025-10-26 17:27:10,0,5
-1,random-32-32-20-random-1.scen,random-32-32-20-random-1.scen,61,12490F,PP,PP,0,NULL,-1,1470,30.0069,0,https://github.com/ssfc/MAPF-LNS-02/tree/to_csv,2025-10-26 17:27:40,1,5
-1,random-32-32-20-random-1.scen,random-32-32-20-random-1.scen,62,12490F,PP,PP,0,NULL,-1,1497,30,0,https://github.com/ssfc/MAPF-LNS-02/tree/to_csv,2025-10-26 17:28:10,2,5
-1,random-32-32-20-random-1.scen,random-32-32-20-random-1.scen,63,12490F,PP,PP,0,NULL,-1,1516,30.0002,0,https://github.com/ssfc/MAPF-LNS-02/tree/to_csv,2025-10-26 17:28:40,2,5
-1,random-32-32-20-random-1.scen,random-32-32-20-random-1.scen,64,12490F,PP,PP,0,NULL,-1,1531,30.0011,0,https://github.com/ssfc/MAPF-LNS-02/tree/to_csv,2025-10-26 17:29:10,1,5
-1,random-32-32-20-random-1.scen,random-32-32-20-random-1.scen,65,12490F,PP,PP,0,NULL,-1,1556,30.0014,0,https://github.com/ssfc/MAPF-LNS-02/tree/to_csv,2025-10-26 17:29:40,2,5
-1,random-32-32-20-random-1.scen,random-32-32-20-random-1.scen,66,12490F,PP,PP,0,NULL,-1,1585,30.0002,0,https://github.com/ssfc/MAPF-LNS-02/tree/to_csv,2025-10-26 17:30:10,1,5
-1,random-32-32-20-random-1.scen,random-32-32-20-random-1.scen,67,12490F,PP,PP,0,NULL,-1,1608,30,0,https://github.com/ssfc/MAPF-LNS-02/tree/to_csv,2025-10-26 17:30:40,2,5
-1,random-32-32-20-random-1.scen,random-32-32-20-random-1.scen,68,12490F,PP,PP,0,NULL,-1,1652,30,0,https://github.com/ssfc/MAPF-LNS-02/tree/to_csv,2025-10-26 17:31:10,1,5
-1,random-32-32-20-random-1.scen,random-32-32-20-random-1.scen,69,12490F,PP,PP,0,NULL,-1,1661,30.0001,0,https://github.com/ssfc/MAPF-LNS-02/tree/to_csv,2025-10-26 17:31:40,1,5
-1,random-32-32-20-random-1.scen,random-32-32-20-random-1.scen,70,12490F,PP,PP,0,NULL,-1,1701,30,0,https://github.com/ssfc/MAPF-LNS-02/tree/to_csv,2025-10-26 17:32:10,0,5
-1,random-32-32-20-random-1.scen,random-32-32-20-random-1.scen,71,12490F,PP,PP,0,NULL,-1,1732,30.0028,0,https://github.com/ssfc/MAPF-LNS-02/tree/to_csv,2025-10-26 17:32:40,0,5
-1,random-32-32-20-random-1.scen,random-32-32-20-random-1.scen,72,12490F,PP,PP,0,NULL,-1,1773,30.0023,0,https://github.com/ssfc/MAPF-LNS-02/tree/to_csv,2025-10-26 17:33:10,1,5
-1,random-32-32-20-random-1.scen,random-32-32-20-random-1.scen,73,12490F,PP,PP,0,NULL,-1,1793,30.0076,0,https://github.com/ssfc/MAPF-LNS-02/tree/to_csv,2025-10-26 17:33:40,1,5
-1,random-32-32-20-random-1.scen,random-32-32-20-random-1.scen,74,12490F,PP,PP,0,NULL,-1,1806,30,0,https://github.com/ssfc/MAPF-LNS-02/tree/to_csv,2025-10-26 17:34:10,1,5
-1,random-32-32-20-random-1.scen,random-32-32-20-random-1.scen,75,12490F,PP,PP,0,NULL,-1,1826,30.0034,0,https://github.com/ssfc/MAPF-LNS-02/tree/to_csv,2025-10-26 17:34:40,1,5
-1,random-32-32-20-random-1.scen,random-32-32-20-random-1.scen,76,12490F,PP,PP,0,NULL,-1,1835,30.0095,0,https://github.com/ssfc/MAPF-LNS-02/tree/to_csv,2025-10-26 17:35:10,1,5
-1,random-32-32-20-random-1.scen,random-32-32-20-random-1.scen,77,12490F,PP,PP,0,NULL,-1,1848,30,0,https://github.com/ssfc/MAPF-LNS-02/tree/to_csv,2025-10-26 17:35:40,1,5
-1,random-32-32-20-random-1.scen,random-32-32-20-random-1.scen,78,12490F,PP,PP,0,NULL,-1,1871,30.0063,0,https://github.com/ssfc/MAPF-LNS-02/tree/to_csv,2025-10-26 17:36:10,1,5
-1,random-32-32-20-random-1.scen,random-32-32-20-random-1.scen,79,12490F,PP,PP,0,NULL,-1,1877,30.0041,0,https://github.com/ssfc/MAPF-LNS-02/tree/to_csv,2025-10-26 17:36:40,2,5
-1,random-32-32-20-random-1.scen,random-32-32-20-random-1.scen,80,12490F,PP,PP,0,NULL,-1,1924,30.0001,0,https://github.com/ssfc/MAPF-LNS-02/tree/to_csv,2025-10-26 17:37:10,0,5
-1,random-32-32-20-random-1.scen,random-32-32-20-random-1.scen,81,12490F,PP,PP,0,NULL,-1,1948,30.0001,0,https://github.com/ssfc/MAPF-LNS-02/tree/to_csv,2025-10-26 17:37:40,1,5
-1,random-32-32-20-random-1.scen,random-32-32-20-random-1.scen,82,12490F,PP,PP,0,NULL,-1,1967,30.0089,0,https://github.com/ssfc/MAPF-LNS-02/tree/to_csv,2025-10-26 17:38:10,1,5
-1,random-32-32-20-random-1.scen,random-32-32-20-random-1.scen,83,12490F,PP,PP,0,NULL,-1,1983,30.0075,0,https://github.com/ssfc/MAPF-LNS-02/tree/to_csv,2025-10-26 17:38:40,1,5
-1,random-32-32-20-random-1.scen,random-32-32-20-random-1.scen,84,12490F,PP,PP,0,NULL,-1,2029,30.0088,0,https://github.com/ssfc/MAPF-LNS-02/tree/to_csv,2025-10-26 17:39:10,1,5
-1,random-32-32-20-random-1.scen,random-32-32-20-random-1.scen,85,12490F,PP,PP,0,NULL,-1,2063,30.0072,0,https://github.com/ssfc/MAPF-LNS-02/tree/to_csv,2025-10-26 17:39:40,1,5
-1,random-32-32-20-random-1.scen,random-32-32-20-random-1.scen,86,12490F,PP,PP,0,NULL,-1,2087,30.0035,0,https://github.com/ssfc/MAPF-LNS-02/tree/to_csv,2025-10-26 17:40:10,1,5
-1,random-32-32-20-random-1.scen,random-32-32-20-random-1.scen,87,12490F,PP,PP,0,NULL,-1,2123,30.0104,0,https://github.com/ssfc/MAPF-LNS-02/tree/to_csv,2025-10-26 17:40:40,0,5
-1,random-32-32-20-random-1.scen,random-32-32-20-random-1.scen,88,12490F,PP,PP,0,NULL,-1,2143,30.0074,0,https://github.com/ssfc/MAPF-LNS-02/tree/to_csv,2025-10-26 17:41:10,0,5
-1,random-32-32-20-random-1.scen,random-32-32-20-random-1.scen,89,12490F,PP,PP,0,NULL,-1,2175,30.0056,0,https://github.com/ssfc/MAPF-LNS-02/tree/to_csv,2025-10-26 17:41:40,1,5
-1,random-32-32-20-random-1.scen,random-32-32-20-random-1.scen,90,12490F,PP,PP,0,NULL,-1,2189,30.0001,0,https://github.com/ssfc/MAPF-LNS-02/tree/to_csv,2025-10-26 17:42:10,1,5
-1,random-32-32-20-random-1.scen,random-32-32-20-random-1.scen,91,12490F,PP,PP,0,NULL,-1,2207,30.0071,0,https://github.com/ssfc/MAPF-LNS-02/tree/to_csv,2025-10-26 17:42:40,1,5
-1,random-32-32-20-random-1.scen,random-32-32-20-random-1.scen,92,12490F,PP,PP,0,NULL,-1,2234,30.0094,0,https://github.com/ssfc/MAPF-LNS-02/tree/to_csv,2025-10-26 17:43:10,1,5
-1,random-32-32-20-random-1.scen,random-32-32-20-random-1.scen,93,12490F,PP,PP,0,NULL,-1,2272,30.0081,0,https://github.com/ssfc/MAPF-LNS-02/tree/to_csv,2025-10-26 17:43:41,2,5
-1,random-32-32-20-random-1.scen,random-32-32-20-random-1.scen,94,12490F,PP,PP,0,NULL,-1,2291,30.0021,0,https://github.com/ssfc/MAPF-LNS-02/tree/to_csv,2025-10-26 17:44:11,2,5
-1,random-32-32-20-random-1.scen,random-32-32-20-random-1.scen,95,12490F,PP,PP,0,NULL,-1,2328,30.0051,0,https://github.com/ssfc/MAPF-LNS-02/tree/to_csv,2025-10-26 17:44:41,0,5
-1,random-32-32-20-random-1.scen,random-32-32-20-random-1.scen,96,12490F,PP,PP,0,NULL,-1,2318,30.007,0,https://github.com/ssfc/MAPF-LNS-02/tree/to_csv,2025-10-26 17:45:11,1,5
-1,random-32-32-20-random-1.scen,random-32-32-20-random-1.scen,97,12490F,PP,PP,0,NULL,-1,2351,30.0049,0,https://github.com/ssfc/MAPF-LNS-02/tree/to_csv,2025-10-26 17:45:41,2,5
-1,random-32-32-20-random-1.scen,random-32-32-20-random-1.scen,98,12490F,PP,PP,0,NULL,-1,2370,30.0001,0,https://github.com/ssfc/MAPF-LNS-02/tree/to_csv,2025-10-26 17:46:11,0,5
-1,random-32-32-20-random-1.scen,random-32-32-20-random-1.scen,99,12490F,PP,PP,0,NULL,-1,2400,30.0072,0,https://github.com/ssfc/MAPF-LNS-02/tree/to_csv,2025-10-26 17:46:41,1,5
-1,random-32-32-20-random-1.scen,random-32-32-20-random-1.scen,100,12490F,PP,PP,0,NULL,-1,2418,30.0004,0,https://github.com/ssfc/MAPF-LNS-02/tree/to_csv,2025-10-26 17:47:11,1,5
-1,random-32-32-20-random-1.scen,random-32-32-20-random-1.scen,101,12490F,PP,PP,0,NULL,-1,2451,30.0033,0,https://github.com/ssfc/MAPF-LNS-02/tree/to_csv,2025-10-26 17:47:41,1,5
-1,random-32-32-20-random-1.scen,random-32-32-20-random-1.scen,102,12490F,PP,PP,0,NULL,-1,2494,30.0002,0,https://github.com/ssfc/MAPF-LNS-02/tree/to_csv,2025-10-26 17:48:11,0,5
-1,random-32-32-20-random-1.scen,random-32-32-20-random-1.scen,103,12490F,PP,PP,0,NULL,-1,2507,30.0077,0,https://github.com/ssfc/MAPF-LNS-02/tree/to_csv,2025-10-26 17:48:41,1,5
-1,random-32-32-20-random-1.scen,random-32-32-20-random-1.scen,104,12490F,PP,PP,0,NULL,-1,2543,30.0001,0,https://github.com/ssfc/MAPF-LNS-02/tree/to_csv,2025-10-26 17:49:11,0,5
-1,random-32-32-20-random-1.scen,random-32-32-20-random-1.scen,105,12490F,PP,PP,0,NULL,-1,2563,30.0069,0,https://github.com/ssfc/MAPF-LNS-02/tree/to_csv,2025-10-26 17:49:41,1,5
-1,random-32-32-20-random-1.scen,random-32-32-20-random-1.scen,106,12490F,PP,PP,0,NULL,-1,2608,30.0105,0,https://github.com/ssfc/MAPF-LNS-02/tree/to_csv,2025-10-26 17:50:11,1,5
-1,random-32-32-20-random-1.scen,random-32-32-20-random-1.scen,107,12490F,PP,PP,0,NULL,-1,2638,30.0029,0,https://github.com/ssfc/MAPF-LNS-02/tree/to_csv,2025-10-26 17:50:41,1,5
-1,random-32-32-20-random-1.scen,random-32-32-20-random-1.scen,108,12490F,PP,PP,0,NULL,-1,2666,30.0029,0,https://github.com/ssfc/MAPF-LNS-02/tree/to_csv,2025-10-26 17:51:11,0,5
-1,random-32-32-20-random-1.scen,random-32-32-20-random-1.scen,109,12490F,PP,PP,0,NULL,-1,2709,30.008,0,https://github.com/ssfc/MAPF-LNS-02/tree/to_csv,2025-10-26 17:51:41,1,5
-1,random-32-32-20-random-1.scen,random-32-32-20-random-1.scen,110,12490F,PP,PP,0,NULL,-1,2739,30.0001,0,https://github.com/ssfc/MAPF-LNS-02/tree/to_csv,2025-10-26 17:52:11,2,5
-1,random-32-32-20-random-1.scen,random-32-32-20-random-1.scen,111,12490F,PP,PP,0,NULL,-1,2768,30.0055,0,https://github.com/ssfc/MAPF-LNS-02/tree/to_csv,2025-10-26 17:52:41,1,5
-1,random-32-32-20-random-1.scen,random-32-32-20-random-1.scen,112,12490F,PP,PP,0,NULL,-1,2814,30.0082,0,https://github.com/ssfc/MAPF-LNS-02/tree/to_csv,2025-10-26 17:53:11,1,5
-1,random-32-32-20-random-1.scen,random-32-32-20-random-1.scen,113,12490F,PP,PP,0,NULL,-1,2827,30.0034,0,https://github.com/ssfc/MAPF-LNS-02/tree/to_csv,2025-10-26 17:53:41,2,5
-1,random-32-32-20-random-1.scen,random-32-32-20-random-1.scen,114,12490F,PP,PP,0,NULL,-1,2851,30.0001,0,https://github.com/ssfc/MAPF-LNS-02/tree/to_csv,2025-10-26 17:54:11,1,5
-1,random-32-32-20-random-1.scen,random-32-32-20-random-1.scen,115,12490F,PP,PP,0,NULL,-1,2899,30.0028,0,https://github.com/ssfc/MAPF-LNS-02/tree/to_csv,2025-10-26 17:54:41,2,5
-1,random-32-32-20-random-1.scen,random-32-32-20-random-1.scen,116,12490F,PP,PP,0,NULL,-1,2929,30.0001,0,https://github.com/ssfc/MAPF-LNS-02/tree/to_csv,2025-10-26 17:55:11,2,5
-1,random-32-32-20-random-1.scen,random-32-32-20-random-1.scen,117,12490F,PP,PP,0,NULL,-1,2963,30.0093,0,https://github.com/ssfc/MAPF-LNS-02/tree/to_csv,2025-10-26 17:55:41,1,5
-1,random-32-32-20-random-1.scen,random-32-32-20-random-1.scen,118,12490F,PP,PP,0,NULL,-1,2974,30,0,https://github.com/ssfc/MAPF-LNS-02/tree/to_csv,2025-10-26 17:56:11,0,5
-1,random-32-32-20-random-1.scen,random-32-32-20-random-1.scen,119,12490F,PP,PP,0,NULL,-1,3035,30,0,https://github.com/ssfc/MAPF-LNS-02/tree/to_csv,2025-10-26 17:56:41,1,5
-1,random-32-32-20-random-1.scen,random-32-32-20-random-1.scen,120,12490F,PP,PP,0,NULL,-1,3078,30.0068,0,https://github.com/ssfc/MAPF-LNS-02/tree/to_csv,2025-10-26 17:57:11,1,5
-1,random-32-32-20-random-1.scen,random-32-32-20-random-1.scen,121,12490F,PP,PP,0,NULL,-1,3065,30.0008,0,https://github.com/ssfc/MAPF-LNS-02/tree/to_csv,2025-10-26 17:57:41,2,5
-1,random-32-32-20-random-1.scen,random-32-32-20-random-1.scen,122,12490F,PP,PP,0,NULL,-1,3103,30,0,https://github.com/ssfc/MAPF-LNS-02/tree/to_csv,2025-10-26 17:58:11,1,5
-1,random-32-32-20-random-1.scen,random-32-32-20-random-1.scen,123,12490F,PP,PP,0,NULL,-1,3128,30.0002,0,https://github.com/ssfc/MAPF-LNS-02/tree/to_csv,2025-10-26 17:58:41,2,5
-1,random-32-32-20-random-1.scen,random-32-32-20-random-1.scen,124,12490F,PP,PP,0,NULL,-1,3128,30.0001,0,https://github.com/ssfc/MAPF-LNS-02/tree/to_csv,2025-10-26 17:59:11,1,5
-1,random-32-32-20-random-1.scen,random-32-32-20-random-1.scen,125,12490F,PP,PP,0,NULL,-1,3165,30,0,https://github.com/ssfc/MAPF-LNS-02/tree/to_csv,2025-10-26 17:59:41,1,5
-1,random-32-32-20-random-1.scen,random-32-32-20-random-1.scen,126,12490F,PP,PP,0,NULL,-1,3201,30,0,https://github.com/ssfc/MAPF-LNS-02/tree/to_csv,2025-10-26 18:00:11,1,5
-1,random-32-32-20-random-1.scen,random-32-32-20-random-1.scen,127,12490F,PP,PP,0,NULL,-1,3203,30.002,0,https://github.com/ssfc/MAPF-LNS-02/tree/to_csv,2025-10-26 18:00:41,0,5
-1,random-32-32-20-random-1.scen,random-32-32-20-random-1.scen,128,12490F,PP,PP,0,NULL,-1,3229,30.0002,0,https://github.com/ssfc/MAPF-LNS-02/tree/to_csv,2025-10-26 18:01:11,1,5
-1,random-32-32-20-random-1.scen,random-32-32-20-random-1.scen,129,12490F,PP,PP,0,NULL,-1,3263,30.0034,0,https://github.com/ssfc/MAPF-LNS-02/tree/to_csv,2025-10-26 18:01:41,2,5
-1,random-32-32-20-random-1.scen,random-32-32-20-random-1.scen,130,12490F,PP,PP,0,NULL,-1,3262,30,0,https://github.com/ssfc/MAPF-LNS-02/tree/to_csv,2025-10-26 18:02:11,1,5
-1,random-32-32-20-random-1.scen,random-32-32-20-random-1.scen,131,12490F,PP,PP,0,NULL,-1,3329,30,0,https://github.com/ssfc/MAPF-LNS-02/tree/to_csv,2025-10-26 18:02:41,1,5
-1,random-32-32-20-random-1.scen,random-32-32-20-random-1.scen,132,12490F,PP,PP,0,NULL,-1,3324,30.0046,0,https://github.com/ssfc/MAPF-LNS-02/tree/to_csv,2025-10-26 18:03:11,1,5
-1,random-32-32-20-random-1.scen,random-32-32-20-random-1.scen,133,12490F,PP,PP,0,NULL,-1,3378,30.0082,0,https://github.com/ssfc/MAPF-LNS-02/tree/to_csv,2025-10-26 18:03:41,1,5
-1,random-32-32-20-random-1.scen,random-32-32-20-random-1.scen,134,12490F,PP,PP,0,NULL,-1,3360,30,0,https://github.com/ssfc/MAPF-LNS-02/tree/to_csv,2025-10-26 18:04:11,2,5
-1,random-32-32-20-random-1.scen,random-32-32-20-random-1.scen,135,12490F,PP,PP,0,NULL,-1,3396,30,0,https://github.com/ssfc/MAPF-LNS-02/tree/to_csv,2025-10-26 18:04:41,1,5
-1,random-32-32-20-random-1.scen,random-32-32-20-random-1.scen,136,12490F,PP,PP,0,NULL,-1,3446,30.0007,0,https://github.com/ssfc/MAPF-LNS-02/tree/to_csv,2025-10-26 18:05:11,2,5
-1,random-32-32-20-random-1.scen,random-32-32-20-random-1.scen,137,12490F,PP,PP,0,NULL,-1,3447,30.0005,0,https://github.com/ssfc/MAPF-LNS-02/tree/to_csv,2025-10-26 18:05:41,1,5
-1,random-32-32-20-random-1.scen,random-32-32-20-random-1.scen,138,12490F,PP,PP,0,NULL,-1,3560,30.0001,0,https://github.com/ssfc/MAPF-LNS-02/tree/to_csv,2025-10-26 18:06:11,1,5
-1,random-32-32-20-random-1.scen,random-32-32-20-random-1.scen,139,12490F,PP,PP,0,NULL,-1,3511,30,0,https://github.com/ssfc/MAPF-LNS-02/tree/to_csv,2025-10-26 18:06:41,1,5
-1,random-32-32-20-random-1.scen,random-32-32-20-random-1.scen,140,12490F,PP,PP,0,NULL,-1,3606,30.0033,0,https://github.com/ssfc/MAPF-LNS-02/tree/to_csv,2025-10-26 18:07:11,2,5
-1,random-32-32-20-random-1.scen,random-32-32-20-random-1.scen,141,12490F,PP,PP,0,NULL,-1,3616,30,0,https://github.com/ssfc/MAPF-LNS-02/tree/to_csv,2025-10-26 18:07:41,0,5
-1,random-32-32-20-random-1.scen,random-32-32-20-random-1.scen,142,12490F,PP,PP,0,NULL,-1,3640,30.0047,0,https://github.com/ssfc/MAPF-LNS-02/tree/to_csv,2025-10-26 18:08:11,1,5
-1,random-32-32-20-random-1.scen,random-32-32-20-random-1.scen,143,12490F,PP,PP,0,NULL,-1,3705,30.009,0,https://github.com/ssfc/MAPF-LNS-02/tree/to_csv,2025-10-26 18:08:41,2,5
-1,random-32-32-20-random-1.scen,random-32-32-20-random-1.scen,144,12490F,PP,PP,0,NULL,-1,3652,30,0,https://github.com/ssfc/MAPF-LNS-02/tree/to_csv,2025-10-26 18:09:11,1,5
-1,random-32-32-20-random-1.scen,random-32-32-20-random-1.scen,145,12490F,PP,PP,0,NULL,-1,3686,30.0078,0,https://github.com/ssfc/MAPF-LNS-02/tree/to_csv,2025-10-26 18:09:42,1,5
-1,random-32-32-20-random-1.scen,random-32-32-20-random-1.scen,146,12490F,PP,PP,0,NULL,-1,3720,30.0018,0,https://github.com/ssfc/MAPF-LNS-02/tree/to_csv,2025-10-26 18:10:12,1,5
-1,random-32-32-20-random-1.scen,random-32-32-20-random-1.scen,147,12490F,PP,PP,0,NULL,-1,3755,30,0,https://github.com/ssfc/MAPF-LNS-02/tree/to_csv,2025-10-26 18:10:42,1,5
-1,random-32-32-20-random-1.scen,random-32-32-20-random-1.scen,148,12490F,PP,PP,0,NULL,-1,3784,30.0071,0,https://github.com/ssfc/MAPF-LNS-02/tree/to_csv,2025-10-26 18:11:12,1,5
-1,random-32-32-20-random-1.scen,random-32-32-20-random-1.scen,149,12490F,PP,PP,0,NULL,-1,3830,30.0001,0,https://github.com/ssfc/MAPF-LNS-02/tree/to_csv,2025-10-26 18:11:42,2,5
-1,random-32-32-20-random-1.scen,random-32-32-20-random-1.scen,150,12490F,PP,PP,0,NULL,-1,3866,30.0004,0,https://github.com/ssfc/MAPF-LNS-02/tree/to_csv,2025-10-26 18:12:12,1,5
-1,random-32-32-20-random-1.scen,random-32-32-20-random-1.scen,151,12490F,PP,PP,0,NULL,-1,3857,30,0,https://github.com/ssfc/MAPF-LNS-02/tree/to_csv,2025-10-26 18:12:42,1,5
-1,random-32-32-20-random-1.scen,random-32-32-20-random-1.scen,152,12490F,PP,PP,0,NULL,-1,3946,30,0,https://github.com/ssfc/MAPF-LNS-02/tree/to_csv,2025-10-26 18:13:12,2,5
-1,random-32-32-20-random-1.scen,random-32-32-20-random-1.scen,153,12490F,PP,PP,0,NULL,-1,3928,30,0,https://github.com/ssfc/MAPF-LNS-02/tree/to_csv,2025-10-26 18:13:42,1,5
-1,random-32-32-20-random-1.scen,random-32-32-20-random-1.scen,154,12490F,PP,PP,0,NULL,-1,4034,30,0,https://github.com/ssfc/MAPF-LNS-02/tree/to_csv,2025-10-26 18:14:12,1,5
-1,random-32-32-20-random-1.scen,random-32-32-20-random-1.scen,155,12490F,PP,PP,0,NULL,-1,4024,30.0006,0,https://github.com/ssfc/MAPF-LNS-02/tree/to_csv,2025-10-26 18:14:42,2,5
-1,random-32-32-20-random-1.scen,random-32-32-20-random-1.scen,156,12490F,PP,PP,0,NULL,-1,4052,30.0001,0,https://github.com/ssfc/MAPF-LNS-02/tree/to_csv,2025-10-26 18:15:12,1,5
-1,random-32-32-20-random-1.scen,random-32-32-20-random-1.scen,157,12490F,PP,PP,0,NULL,-1,4106,30.0086,0,https://github.com/ssfc/MAPF-LNS-02/tree/to_csv,2025-10-26 18:15:42,1,5
-1,random-32-32-20-random-1.scen,random-32-32-20-random-1.scen,158,12490F,PP,PP,0,NULL,-1,4096,30.0094,0,https://github.com/ssfc/MAPF-LNS-02/tree/to_csv,2025-10-26 18:16:12,2,5
-1,random-32-32-20-random-1.scen,random-32-32-20-random-1.scen,159,12490F,PP,PP,0,NULL,-1,4119,30.0001,0,https://github.com/ssfc/MAPF-LNS-02/tree/to_csv,2025-10-26 18:16:42,0,5
-1,random-32-32-20-random-1.scen,random-32-32-20-random-1.scen,160,12490F,PP,PP,0,NULL,-1,4067,30,0,https://github.com/ssfc/MAPF-LNS-02/tree/to_csv,2025-10-26 18:17:12,2,5
-1,random-32-32-20-random-1.scen,random-32-32-20-random-1.scen,161,12490F,PP,PP,0,NULL,-1,4160,30,0,https://github.com/ssfc/MAPF-LNS-02/tree/to_csv,2025-10-26 18:17:42,1,5
-1,random-32-32-20-random-1.scen,random-32-32-20-random-1.scen,162,12490F,PP,PP,0,NULL,-1,4164,30,0,https://github.com/ssfc/MAPF-LNS-02/tree/to_csv,2025-10-26 18:18:12,1,5
-1,random-32-32-20-random-1.scen,random-32-32-20-random-1.scen,163,12490F,PP,PP,0,NULL,-1,4254,30.0044,0,https://github.com/ssfc/MAPF-LNS-02/tree/to_csv,2025-10-26 18:18:42,2,5
-1,random-32-32-20-random-1.scen,random-32-32-20-random-1.scen,164,12490F,PP,PP,0,NULL,-1,4198,30,0,https://github.com/ssfc/MAPF-LNS-02/tree/to_csv,2025-10-26 18:19:12,1,5
-1,random-32-32-20-random-1.scen,random-32-32-20-random-1.scen,165,12490F,PP,PP,0,NULL,-1,4243,30.0001,0,https://github.com/ssfc/MAPF-LNS-02/tree/to_csv,2025-10-26 18:19:42,1,5
-1,random-32-32-20-random-1.scen,random-32-32-20-random-1.scen,166,12490F,PP,PP,0,NULL,-1,4253,30.0001,0,https://github.com/ssfc/MAPF-LNS-02/tree/to_csv,2025-10-26 18:20:12,1,5
-1,random-32-32-20-random-1.scen,random-32-32-20-random-1.scen,167,12490F,PP,PP,0,NULL,-1,4285,30,0,https://github.com/ssfc/MAPF-LNS-02/tree/to_csv,2025-10-26 18:20:42,1,5
-1,random-32-32-20-random-1.scen,random-32-32-20-random-1.scen,168,12490F,PP,PP,0,NULL,-1,4277,30.0094,0,https://github.com/ssfc/MAPF-LNS-02/tree/to_csv,2025-10-26 18:21:12,1,5
-1,random-32-32-20-random-1.scen,random-32-32-20-random-1.scen,169,12490F,PP,PP,0,NULL,-1,4377,30.0001,0,https://github.com/ssfc/MAPF-LNS-02/tree/to_csv,2025-10-26 18:21:42,2,5
-1,random-32-32-20-random-1.scen,random-32-32-20-random-1.scen,170,12490F,PP,PP,0,NULL,-1,4323,30,0,https://github.com/ssfc/MAPF-LNS-02/tree/to_csv,2025-10-26 18:22:12,1,5
-1,random-32-32-20-random-1.scen,random-32-32-20-random-1.scen,171,12490F,PP,PP,0,NULL,-1,4393,30.0001,0,https://github.com/ssfc/MAPF-LNS-02/tree/to_csv,2025-10-26 18:22:42,2,5
-1,random-32-32-20-random-1.scen,random-32-32-20-random-1.scen,172,12490F,PP,PP,0,NULL,-1,4384,30.005,0,https://github.com/ssfc/MAPF-LNS-02/tree/to_csv,2025-10-26 18:23:12,1,5
-1,random-32-32-20-random-1.scen,random-32-32-20-random-1.scen,173,12490F,PP,PP,0,NULL,-1,4419,30.003,0,https://github.com/ssfc/MAPF-LNS-02/tree/to_csv,2025-10-26 18:23:42,2,5
-1,random-32-32-20-random-1.scen,random-32-32-20-random-1.scen,174,12490F,PP,PP,0,NULL,-1,4474,30.0072,0,https://github.com/ssfc/MAPF-LNS-02/tree/to_csv,2025-10-26 18:24:12,2,5
-1,random-32-32-20-random-1.scen,random-32-32-20-random-1.scen,175,12490F,PP,PP,0,NULL,-1,4514,30.0002,0,https://github.com/ssfc/MAPF-LNS-02/tree/to_csv,2025-10-26 18:24:42,2,5
-1,random-32-32-20-random-1.scen,random-32-32-20-random-1.scen,176,12490F,PP,PP,0,NULL,-1,4495,30.0063,0,https://github.com/ssfc/MAPF-LNS-02/tree/to_csv,2025-10-26 18:25:12,2,5
-1,random-32-32-20-random-1.scen,random-32-32-20-random-1.scen,177,12490F,PP,PP,0,NULL,-1,4579,30.0001,0,https://github.com/ssfc/MAPF-LNS-02/tree/to_csv,2025-10-26 18:25:42,1,5
-1,random-32-32-20-random-1.scen,random-32-32-20-random-1.scen,178,12490F,PP,PP,0,NULL,-1,4601,30.0002,0,https://github.com/ssfc/MAPF-LNS-02/tree/to_csv,2025-10-26 18:26:12,1,5
-1,random-32-32-20-random-1.scen,random-32-32-20-random-1.scen,179,12490F,PP,PP,0,NULL,-1,4508,30.0017,0,https://github.com/ssfc/MAPF-LNS-02/tree/to_csv,2025-10-26 18:26:42,1,5
-1,random-32-32-20-random-1.scen,random-32-32-20-random-1.scen,180,12490F,PP,PP,0,NULL,-1,4616,30.0001,0,https://github.com/ssfc/MAPF-LNS-02/tree/to_csv,2025-10-26 18:27:12,0,5
-1,random-32-32-20-random-1.scen,random-32-32-20-random-1.scen,181,12490F,PP,PP,0,NULL,-1,4631,30,0,https://github.com/ssfc/MAPF-LNS-02/tree/to_csv,2025-10-26 18:27:42,2,5
-1,random-32-32-20-random-1.scen,random-32-32-20-random-1.scen,182,12490F,PP,PP,0,NULL,-1,4718,30.0002,0,https://github.com/ssfc/MAPF-LNS-02/tree/to_csv,2025-10-26 18:28:12,1,5
-1,random-32-32-20-random-1.scen,random-32-32-20-random-1.scen,183,12490F,PP,PP,0,NULL,-1,4768,30.0008,0,https://github.com/ssfc/MAPF-LNS-02/tree/to_csv,2025-10-26 18:28:42,1,5
-1,random-32-32-20-random-1.scen,random-32-32-20-random-1.scen,184,12490F,PP,PP,0,NULL,-1,4625,30.0088,0,https://github.com/ssfc/MAPF-LNS-02/tree/to_csv,2025-10-26 18:29:12,2,5
-1,random-32-32-20-random-1.scen,random-32-32-20-random-1.scen,185,12490F,PP,PP,0,NULL,-1,4683,30.0001,0,https://github.com/ssfc/MAPF-LNS-02/tree/to_csv,2025-10-26 18:29:42,1,5
-1,random-32-32-20-random-1.scen,random-32-32-20-random-1.scen,186,12490F,PP,PP,0,NULL,-1,4801,30.002,0,https://github.com/ssfc/MAPF-LNS-02/tree/to_csv,2025-10-26 18:30:12,1,5
-1,random-32-32-20-random-1.scen,random-32-32-20-random-1.scen,187,12490F,PP,PP,0,NULL,-1,4804,30.0001,0,https://github.com/ssfc/MAPF-LNS-02/tree/to_csv,2025-10-26 18:30:43,2,5
-1,random-32-32-20-random-1.scen,random-32-32-20-random-1.scen,188,12490F,PP,PP,0,NULL,-1,4831,30.005,0,https://github.com/ssfc/MAPF-LNS-02/tree/to_csv,2025-10-26 18:31:13,1,5
-1,random-32-32-20-random-1.scen,random-32-32-20-random-1.scen,189,12490F,PP,PP,0,NULL,-1,4873,30.0079,0,https://github.com/ssfc/MAPF-LNS-02/tree/to_csv,2025-10-26 18:31:43,0,5
-1,random-32-32-20-random-1.scen,random-32-32-20-random-1.scen,190,12490F,PP,PP,0,NULL,-1,4872,30,0,https://github.com/ssfc/MAPF-LNS-02/tree/to_csv,2025-10-26 18:32:13,2,5
-1,random-32-32-20-random-1.scen,random-32-32-20-random-1.scen,191,12490F,PP,PP,0,NULL,-1,4872,30.0009,0,https://github.com/ssfc/MAPF-LNS-02/tree/to_csv,2025-10-26 18:32:43,1,5
-1,random-32-32-20-random-1.scen,random-32-32-20-random-1.scen,192,12490F,PP,PP,0,NULL,-1,5063,30.0055,0,https://github.com/ssfc/MAPF-LNS-02/tree/to_csv,2025-10-26 18:33:13,1,5
-1,random-32-32-20-random-1.scen,random-32-32-20-random-1.scen,193,12490F,PP,PP,0,NULL,-1,4970,30.0007,0,https://github.com/ssfc/MAPF-LNS-02/tree/to_csv,2025-10-26 18:33:43,2,5
-1,random-32-32-20-random-1.scen,random-32-32-20-random-1.scen,194,12490F,PP,PP,0,NULL,-1,5004,30.0082,0,https://github.com/ssfc/MAPF-LNS-02/tree/to_csv,2025-10-26 18:34:13,2,5
-1,random-32-32-20-random-1.scen,random-32-32-20-random-1.scen,195,12490F,PP,PP,0,NULL,-1,5046,30.0002,0,https://github.com/ssfc/MAPF-LNS-02/tree/to_csv,2025-10-26 18:34:43,1,5
-1,random-32-32-20-random-1.scen,random-32-32-20-random-1.scen,196,12490F,PP,PP,0,NULL,-1,5172,30.0004,0,https://github.com/ssfc/MAPF-LNS-02/tree/to_csv,2025-10-26 18:35:13,2,5
-1,random-32-32-20-random-1.scen,random-32-32-20-random-1.scen,197,12490F,PP,PP,0,NULL,-1,5159,30.0013,0,https://github.com/ssfc/MAPF-LNS-02/tree/to_csv,2025-10-26 18:35:43,1,5
-1,random-32-32-20-random-1.scen,random-32-32-20-random-1.scen,198,12490F,PP,PP,0,NULL,-1,5282,30,0,https://github.com/ssfc/MAPF-LNS-02/tree/to_csv,2025-10-26 18:36:13,1,5
-1,random-32-32-20-random-1.scen,random-32-32-20-random-1.scen,199,12490F,PP,PP,0,NULL,-1,5258,30,0,https://github.com/ssfc/MAPF-LNS-02/tree/to_csv,2025-10-26 18:36:43,2,5
-1,random-32-32-20-random-1.scen,random-32-32-20-random-1.scen,200,12490F,PP,PP,0,NULL,-1,5301,30.0005,0,https://github.com/ssfc/MAPF-LNS-02/tree/to_csv,2025-10-26 18:37:13,0,5
-1,random-32-32-20-random-1.scen,random-32-32-20-random-1.scen,201,12490F,PP,PP,0,NULL,-1,5518,30.0021,0,https://github.com/ssfc/MAPF-LNS-02/tree/to_csv,2025-10-26 18:37:43,1,5
-1,random-32-32-20-random-1.scen,random-32-32-20-random-1.scen,202,12490F,PP,PP,0,NULL,-1,5501,30.0106,0,https://github.com/ssfc/MAPF-LNS-02/tree/to_csv,2025-10-26 18:38:13,1,5
-1,random-32-32-20-random-1.scen,random-32-32-20-random-1.scen,203,12490F,PP,PP,0,NULL,-1,5621,30.0042,0,https://github.com/ssfc/MAPF-LNS-02/tree/to_csv,2025-10-26 18:38:43,1,5
-1,random-32-32-20-random-1.scen,random-32-32-20-random-1.scen,204,12490F,PP,PP,0,NULL,-1,5675,30,0,https://github.com/ssfc/MAPF-LNS-02/tree/to_csv,2025-10-26 18:39:13,2,5
-1,random-32-32-20-random-1.scen,random-32-32-20-random-1.scen,205,12490F,PP,PP,0,NULL,-1,5527,30.0082,0,https://github.com/ssfc/MAPF-LNS-02/tree/to_csv,2025-10-26 18:39:43,1,5
-1,random-32-32-20-random-1.scen,random-32-32-20-random-1.scen,206,12490F,PP,PP,0,NULL,-1,5762,30,0,https://github.com/ssfc/MAPF-LNS-02/tree/to_csv,2025-10-26 18:40:13,0,5
-1,random-32-32-20-random-1.scen,random-32-32-20-random-1.scen,207,12490F,PP,PP,0,NULL,-1,5717,30.0064,0,https://github.com/ssfc/MAPF-LNS-02/tree/to_csv,2025-10-26 18:40:43,2,5
-1,random-32-32-20-random-1.scen,random-32-32-20-random-1.scen,208,12490F,PP,PP,0,NULL,-1,6255,30.0018,0,https://github.com/ssfc/MAPF-LNS-02/tree/to_csv,2025-10-26 18:41:13,0,5
-1,random-32-32-20-random-1.scen,random-32-32-20-random-1.scen,209,12490F,PP,PP,0,NULL,-1,5754,30.0023,0,https://github.com/ssfc/MAPF-LNS-02/tree/to_csv,2025-10-26 18:41:43,1,5
-1,random-32-32-20-random-1.scen,random-32-32-20-random-1.scen,210,12490F,PP,PP,0,NULL,-1,5668,30.0023,0,https://github.com/ssfc/MAPF-LNS-02/tree/to_csv,2025-10-26 18:42:13,1,5
-1,random-32-32-20-random-1.scen,random-32-32-20-random-1.scen,211,12490F,PP,PP,0,NULL,-1,5735,30.0015,0,https://github.com/ssfc/MAPF-LNS-02/tree/to_csv,2025-10-26 18:42:43,1,5
-1,random-32-32-20-random-1.scen,random-32-32-20-random-1.scen,212,12490F,PP,PP,0,NULL,-1,5779,30.0004,0,https://github.com/ssfc/MAPF-LNS-02/tree/to_csv,2025-10-26 18:43:13,2,5
-1,random-32-32-20-random-1.scen,random-32-32-20-random-1.scen,214,12490F,PP,PP,0,NULL,-1,5829,30.0025,0,https://github.com/ssfc/MAPF-LNS-02/tree/to_csv,2025-10-26 18:44:13,1,5
-1,random-32-32-20-random-1.scen,random-32-32-20-random-1.scen,223,12490F,PP,PP,0,NULL,-1,6359,30.0082,0,https://github.com/ssfc/MAPF-LNS-02/tree/to_csv,2025-10-26 18:48:43,1,5
